salary,city,positionName,district,companySize,companyFullName,createTime
20k-30k,深圳,Python开发工程师,南山区,150-500人,深圳市众乐网视文化传播有限公司,2018-11-14 10:06:00
20k-25k,深圳,高级Python开发工程师,南山区,50-150人,武汉微思敦网络技术有限公司,2018-11-15 17:31:54
18k-36k,深圳,高级python开发工程师,南山区,50-150人,达而观信息科技（上海）有限公司,2018-11-15 16:29:49
20k-40k,深圳,资深python研发工程师,福田区,500-2000人,北京国双科技有限公司,2018-11-14 14:48:33
18k-30k,深圳,Python工程师,南山区,15-50人,深圳爱财科技有限公司,2018-11-15 14:12:42
15k-30k,深圳,Python后台开发工程师,宝安区,50-150人,深圳小步网络科技有限公司,2018-11-15 10:06:13
18k-35k,深圳,极光调研 - 高级 Python 工程师,南山区,500-2000人,深圳市和讯华谷信息技术有限公司,2018-11-15 16:53:40
20k-40k,深圳,Python 后台研发工程师（深圳公司）,南山区,150-500人,广州影子控股股份有限公司,2018-11-15 10:10:07
13k-26k,深圳,数据工程师（Python）,南山区,500-2000人,华润置地（深圳）有限公司,2018-11-13 10:10:19
20k-40k,深圳,Python开发工程师,南山区,50-150人,上海海知智能科技有限公司,2018-11-15 09:21:38
15k-30k,深圳,Python后端开发工程师,福田区,50-150人,深圳晶泰科技有限公司,2018-11-09 16:53:12
15k-25k,深圳,Python开发工程师(J10047),福田区,500-2000人,深圳云天励飞技术有限公司,2018-11-14 09:25:05
15k-30k,深圳,python工程师,南山区,150-500人,深圳佑驾创新科技有限公司,2018-11-15 09:43:42
13k-25k,深圳,Python研发工程师,南山区,150-500人,深圳开黑科技有限公司,2018-11-13 15:57:55
15k-20k,深圳,Python开发工程师,南山区,150-500人,万兴科技股份有限公司,2018-11-13 09:18:34
20k-30k,深圳,Python开发工程师,南山区,150-500人,深圳市众乐网视文化传播有限公司,2018-11-14 10:06:00
20k-25k,深圳,高级Python开发工程师,南山区,50-150人,武汉微思敦网络技术有限公司,2018-11-15 17:31:54
18k-36k,深圳,高级python开发工程师,南山区,50-150人,达而观信息科技（上海）有限公司,2018-11-15 16:29:49
20k-40k,深圳,资深python研发工程师,福田区,500-2000人,北京国双科技有限公司,2018-11-14 14:48:33
18k-30k,深圳,Python工程师,南山区,15-50人,深圳爱财科技有限公司,2018-11-15 14:12:42
15k-30k,深圳,Python后台开发工程师,宝安区,50-150人,深圳小步网络科技有限公司,2018-11-15 10:06:13
18k-35k,深圳,极光调研 - 高级 Python 工程师,南山区,500-2000人,深圳市和讯华谷信息技术有限公司,2018-11-15 16:53:40
20k-40k,深圳,Python 后台研发工程师（深圳公司）,南山区,150-500人,广州影子控股股份有限公司,2018-11-15 10:10:07
13k-26k,深圳,数据工程师（Python）,南山区,500-2000人,华润置地（深圳）有限公司,2018-11-13 10:10:19
20k-40k,深圳,Python开发工程师,南山区,50-150人,上海海知智能科技有限公司,2018-11-15 09:21:38
15k-30k,深圳,Python后端开发工程师,福田区,50-150人,深圳晶泰科技有限公司,2018-11-09 16:53:12
15k-25k,深圳,Python开发工程师(J10047),福田区,500-2000人,深圳云天励飞技术有限公司,2018-11-14 09:25:05
15k-30k,深圳,python工程师,南山区,150-500人,深圳佑驾创新科技有限公司,2018-11-15 09:43:42
13k-25k,深圳,Python研发工程师,南山区,150-500人,深圳开黑科技有限公司,2018-11-13 15:57:55
15k-20k,深圳,Python开发工程师,南山区,150-500人,万兴科技股份有限公司,2018-11-13 09:18:34
20k-30k,深圳,Python开发工程师,南山区,150-500人,深圳市众乐网视文化传播有限公司,2018-11-14 10:06:00
20k-25k,深圳,高级Python开发工程师,南山区,50-150人,武汉微思敦网络技术有限公司,2018-11-15 17:31:54
18k-36k,深圳,高级python开发工程师,南山区,50-150人,达而观信息科技（上海）有限公司,2018-11-15 16:29:49
20k-40k,深圳,资深python研发工程师,福田区,500-2000人,北京国双科技有限公司,2018-11-14 14:48:33
18k-30k,深圳,Python工程师,南山区,15-50人,深圳爱财科技有限公司,2018-11-15 14:12:42
15k-30k,深圳,Python后台开发工程师,宝安区,50-150人,深圳小步网络科技有限公司,2018-11-15 10:06:13
15k-30k,深圳,Python后端开发工程师,福田区,50-150人,深圳晶泰科技有限公司,2018-11-09 16:53:12
18k-35k,深圳,极光调研 - 高级 Python 工程师,南山区,500-2000人,深圳市和讯华谷信息技术有限公司,2018-11-15 16:53:40
20k-40k,深圳,Python 后台研发工程师（深圳公司）,南山区,150-500人,广州影子控股股份有限公司,2018-11-15 10:10:07
13k-26k,深圳,数据工程师（Python）,南山区,500-2000人,华润置地（深圳）有限公司,2018-11-13 10:10:19
20k-40k,深圳,Python开发工程师,南山区,50-150人,上海海知智能科技有限公司,2018-11-15 09:21:38
15k-25k,深圳,Python开发工程师(J10047),福田区,500-2000人,深圳云天励飞技术有限公司,2018-11-14 09:25:05
15k-30k,深圳,python工程师,南山区,150-500人,深圳佑驾创新科技有限公司,2018-11-15 09:43:42
13k-25k,深圳,Python研发工程师,南山区,150-500人,深圳开黑科技有限公司,2018-11-13 15:57:55
15k-20k,深圳,Python开发工程师,南山区,150-500人,万兴科技股份有限公司,2018-11-13 09:18:34
20k-30k,深圳,Python开发工程师,南山区,150-500人,深圳市众乐网视文化传播有限公司,2018-11-14 10:06:00
20k-25k,深圳,高级Python开发工程师,南山区,50-150人,武汉微思敦网络技术有限公司,2018-11-15 17:31:54
18k-36k,深圳,高级python开发工程师,南山区,50-150人,达而观信息科技（上海）有限公司,2018-11-15 16:29:49
20k-40k,深圳,资深python研发工程师,福田区,500-2000人,北京国双科技有限公司,2018-11-14 14:48:33
18k-30k,深圳,Python工程师,南山区,15-50人,深圳爱财科技有限公司,2018-11-15 14:12:42
15k-30k,深圳,Python后台开发工程师,宝安区,50-150人,深圳小步网络科技有限公司,2018-11-15 10:06:13
18k-35k,深圳,极光调研 - 高级 Python 工程师,南山区,500-2000人,深圳市和讯华谷信息技术有限公司,2018-11-15 16:53:40
20k-40k,深圳,Python 后台研发工程师（深圳公司）,南山区,150-500人,广州影子控股股份有限公司,2018-11-15 10:10:07
13k-26k,深圳,数据工程师（Python）,南山区,500-2000人,华润置地（深圳）有限公司,2018-11-13 10:10:19
20k-40k,深圳,Python开发工程师,南山区,50-150人,上海海知智能科技有限公司,2018-11-15 09:21:38
15k-30k,深圳,Python后端开发工程师,福田区,50-150人,深圳晶泰科技有限公司,2018-11-09 16:53:12
15k-25k,深圳,Python开发工程师(J10047),福田区,500-2000人,深圳云天励飞技术有限公司,2018-11-14 09:25:05
15k-30k,深圳,python工程师,南山区,150-500人,深圳佑驾创新科技有限公司,2018-11-15 09:43:42
13k-25k,深圳,Python研发工程师,南山区,150-500人,深圳开黑科技有限公司,2018-11-13 15:57:55
15k-20k,深圳,Python开发工程师,南山区,150-500人,万兴科技股份有限公司,2018-11-13 09:18:34
20k-30k,深圳,Python开发工程师,南山区,150-500人,深圳市众乐网视文化传播有限公司,2018-11-14 10:06:00
20k-25k,深圳,高级Python开发工程师,南山区,50-150人,武汉微思敦网络技术有限公司,2018-11-15 17:31:54
18k-36k,深圳,高级python开发工程师,南山区,50-150人,达而观信息科技（上海）有限公司,2018-11-15 16:29:49
20k-40k,深圳,资深python研发工程师,福田区,500-2000人,北京国双科技有限公司,2018-11-14 14:48:33
18k-30k,深圳,Python工程师,南山区,15-50人,深圳爱财科技有限公司,2018-11-15 14:12:42
15k-30k,深圳,Python后台开发工程师,宝安区,50-150人,深圳小步网络科技有限公司,2018-11-15 10:06:13
18k-35k,深圳,极光调研 - 高级 Python 工程师,南山区,500-2000人,深圳市和讯华谷信息技术有限公司,2018-11-15 16:53:40
20k-40k,深圳,Python 后台研发工程师（深圳公司）,南山区,150-500人,广州影子控股股份有限公司,2018-11-15 10:10:07
13k-26k,深圳,数据工程师（Python）,南山区,500-2000人,华润置地（深圳）有限公司,2018-11-13 10:10:19
20k-40k,深圳,Python开发工程师,南山区,50-150人,上海海知智能科技有限公司,2018-11-15 09:21:38
15k-30k,深圳,Python后端开发工程师,福田区,50-150人,深圳晶泰科技有限公司,2018-11-09 16:53:12
15k-25k,深圳,Python开发工程师(J10047),福田区,500-2000人,深圳云天励飞技术有限公司,2018-11-14 09:25:05
15k-30k,深圳,python工程师,南山区,150-500人,深圳佑驾创新科技有限公司,2018-11-15 09:43:42
13k-25k,深圳,Python研发工程师,南山区,150-500人,深圳开黑科技有限公司,2018-11-13 15:57:55
15k-20k,深圳,Python开发工程师,南山区,150-500人,万兴科技股份有限公司,2018-11-13 09:18:34
20k-30k,深圳,Python开发工程师,南山区,150-500人,深圳市众乐网视文化传播有限公司,2018-11-14 10:06:00
20k-25k,深圳,高级Python开发工程师,南山区,50-150人,武汉微思敦网络技术有限公司,2018-11-15 17:31:54
18k-36k,深圳,高级python开发工程师,南山区,50-150人,达而观信息科技（上海）有限公司,2018-11-15 16:29:49
20k-40k,深圳,资深python研发工程师,福田区,500-2000人,北京国双科技有限公司,2018-11-14 14:48:33
18k-30k,深圳,Python工程师,南山区,15-50人,深圳爱财科技有限公司,2018-11-15 14:12:42
15k-30k,深圳,Python后台开发工程师,宝安区,50-150人,深圳小步网络科技有限公司,2018-11-15 10:06:13
18k-35k,深圳,极光调研 - 高级 Python 工程师,南山区,500-2000人,深圳市和讯华谷信息技术有限公司,2018-11-15 16:53:40
20k-40k,深圳,Python 后台研发工程师（深圳公司）,南山区,150-500人,广州影子控股股份有限公司,2018-11-15 10:10:07
13k-26k,深圳,数据工程师（Python）,南山区,500-2000人,华润置地（深圳）有限公司,2018-11-13 10:10:19
20k-40k,深圳,Python开发工程师,南山区,50-150人,上海海知智能科技有限公司,2018-11-15 09:21:38
15k-30k,深圳,Python后端开发工程师,福田区,50-150人,深圳晶泰科技有限公司,2018-11-09 16:53:12
15k-25k,深圳,Python开发工程师(J10047),福田区,500-2000人,深圳云天励飞技术有限公司,2018-11-14 09:25:05
15k-30k,深圳,python工程师,南山区,150-500人,深圳佑驾创新科技有限公司,2018-11-15 09:43:42
13k-25k,深圳,Python研发工程师,南山区,150-500人,深圳开黑科技有限公司,2018-11-13 15:57:55
15k-20k,深圳,Python开发工程师,南山区,150-500人,万兴科技股份有限公司,2018-11-13 09:18:34
20k-30k,深圳,Python开发工程师,南山区,150-500人,深圳市众乐网视文化传播有限公司,2018-11-14 10:06:00
20k-25k,深圳,高级Python开发工程师,南山区,50-150人,武汉微思敦网络技术有限公司,2018-11-15 17:31:54
18k-36k,深圳,高级python开发工程师,南山区,50-150人,达而观信息科技（上海）有限公司,2018-11-15 16:29:49
20k-40k,深圳,资深python研发工程师,福田区,500-2000人,北京国双科技有限公司,2018-11-14 14:48:33
18k-30k,深圳,Python工程师,南山区,15-50人,深圳爱财科技有限公司,2018-11-15 14:12:42
15k-30k,深圳,Python后台开发工程师,宝安区,50-150人,深圳小步网络科技有限公司,2018-11-15 10:06:13
15k-30k,深圳,Python后端开发工程师,福田区,50-150人,深圳晶泰科技有限公司,2018-11-09 16:53:12
18k-35k,深圳,极光调研 - 高级 Python 工程师,南山区,500-2000人,深圳市和讯华谷信息技术有限公司,2018-11-15 16:53:40
20k-40k,深圳,Python 后台研发工程师（深圳公司）,南山区,150-500人,广州影子控股股份有限公司,2018-11-15 10:10:07
13k-26k,深圳,数据工程师（Python）,南山区,500-2000人,华润置地（深圳）有限公司,2018-11-13 10:10:19
20k-40k,深圳,Python开发工程师,南山区,50-150人,上海海知智能科技有限公司,2018-11-15 09:21:38
15k-25k,深圳,Python开发工程师(J10047),福田区,500-2000人,深圳云天励飞技术有限公司,2018-11-14 09:25:05
15k-30k,深圳,python工程师,南山区,150-500人,深圳佑驾创新科技有限公司,2018-11-15 09:43:42
13k-25k,深圳,Python研发工程师,南山区,150-500人,深圳开黑科技有限公司,2018-11-13 15:57:55
15k-20k,深圳,Python开发工程师,南山区,150-500人,万兴科技股份有限公司,2018-11-13 09:18:34
20k-30k,深圳,Python开发工程师,南山区,150-500人,深圳市众乐网视文化传播有限公司,2018-11-14 10:06:00
20k-25k,深圳,高级Python开发工程师,南山区,50-150人,武汉微思敦网络技术有限公司,2018-11-15 17:31:54
18k-36k,深圳,高级python开发工程师,南山区,50-150人,达而观信息科技（上海）有限公司,2018-11-15 16:29:49
20k-40k,深圳,资深python研发工程师,福田区,500-2000人,北京国双科技有限公司,2018-11-14 14:48:33
18k-30k,深圳,Python工程师,南山区,15-50人,深圳爱财科技有限公司,2018-11-15 14:12:42
15k-30k,深圳,Python后台开发工程师,宝安区,50-150人,深圳小步网络科技有限公司,2018-11-15 10:06:13
18k-35k,深圳,极光调研 - 高级 Python 工程师,南山区,500-2000人,深圳市和讯华谷信息技术有限公司,2018-11-15 16:53:40
20k-40k,深圳,Python 后台研发工程师（深圳公司）,南山区,150-500人,广州影子控股股份有限公司,2018-11-15 10:10:07
13k-26k,深圳,数据工程师（Python）,南山区,500-2000人,华润置地（深圳）有限公司,2018-11-13 10:10:19
20k-40k,深圳,Python开发工程师,南山区,50-150人,上海海知智能科技有限公司,2018-11-15 09:21:38
15k-30k,深圳,Python后端开发工程师,福田区,50-150人,深圳晶泰科技有限公司,2018-11-09 16:53:12
15k-25k,深圳,Python开发工程师(J10047),福田区,500-2000人,深圳云天励飞技术有限公司,2018-11-14 09:25:05
15k-30k,深圳,python工程师,南山区,150-500人,深圳佑驾创新科技有限公司,2018-11-15 09:43:42
13k-25k,深圳,Python研发工程师,南山区,150-500人,深圳开黑科技有限公司,2018-11-13 15:57:55
15k-20k,深圳,Python开发工程师,南山区,150-500人,万兴科技股份有限公司,2018-11-13 09:18:34
20k-30k,深圳,Python开发工程师,南山区,150-500人,深圳市众乐网视文化传播有限公司,2018-11-14 10:06:00
20k-25k,深圳,高级Python开发工程师,南山区,50-150人,武汉微思敦网络技术有限公司,2018-11-15 17:31:54
18k-36k,深圳,高级python开发工程师,南山区,50-150人,达而观信息科技（上海）有限公司,2018-11-15 16:29:49
20k-40k,深圳,资深python研发工程师,福田区,500-2000人,北京国双科技有限公司,2018-11-14 14:48:33
18k-30k,深圳,Python工程师,南山区,15-50人,深圳爱财科技有限公司,2018-11-15 14:12:42
15k-30k,深圳,Python后台开发工程师,宝安区,50-150人,深圳小步网络科技有限公司,2018-11-15 10:06:13
18k-35k,深圳,极光调研 - 高级 Python 工程师,南山区,500-2000人,深圳市和讯华谷信息技术有限公司,2018-11-15 16:53:40
20k-40k,深圳,Python 后台研发工程师（深圳公司）,南山区,150-500人,广州影子控股股份有限公司,2018-11-15 10:10:07
13k-26k,深圳,数据工程师（Python）,南山区,500-2000人,华润置地（深圳）有限公司,2018-11-13 10:10:19
20k-40k,深圳,Python开发工程师,南山区,50-150人,上海海知智能科技有限公司,2018-11-15 09:21:38
15k-30k,深圳,Python后端开发工程师,福田区,50-150人,深圳晶泰科技有限公司,2018-11-09 16:53:12
15k-25k,深圳,Python开发工程师(J10047),福田区,500-2000人,深圳云天励飞技术有限公司,2018-11-14 09:25:05
15k-30k,深圳,python工程师,南山区,150-500人,深圳佑驾创新科技有限公司,2018-11-15 09:43:42
13k-25k,深圳,Python研发工程师,南山区,150-500人,深圳开黑科技有限公司,2018-11-13 15:57:55
15k-20k,深圳,Python开发工程师,南山区,150-500人,万兴科技股份有限公司,2018-11-13 09:18:34
20k-30k,深圳,Python开发工程师,南山区,150-500人,深圳市众乐网视文化传播有限公司,2018-11-14 10:06:00
20k-25k,深圳,高级Python开发工程师,南山区,50-150人,武汉微思敦网络技术有限公司,2018-11-15 17:31:54
18k-36k,深圳,高级python开发工程师,南山区,50-150人,达而观信息科技（上海）有限公司,2018-11-15 16:29:49
20k-40k,深圳,资深python研发工程师,福田区,500-2000人,北京国双科技有限公司,2018-11-14 14:48:33
18k-30k,深圳,Python工程师,南山区,15-50人,深圳爱财科技有限公司,2018-11-15 14:12:42
15k-30k,深圳,Python后台开发工程师,宝安区,50-150人,深圳小步网络科技有限公司,2018-11-15 10:06:13
18k-35k,深圳,极光调研 - 高级 Python 工程师,南山区,500-2000人,深圳市和讯华谷信息技术有限公司,2018-11-15 16:53:40
20k-40k,深圳,Python 后台研发工程师（深圳公司）,南山区,150-500人,广州影子控股股份有限公司,2018-11-15 10:10:07
13k-26k,深圳,数据工程师（Python）,南山区,500-2000人,华润置地（深圳）有限公司,2018-11-13 10:10:19
20k-40k,深圳,Python开发工程师,南山区,50-150人,上海海知智能科技有限公司,2018-11-15 09:21:38
15k-30k,深圳,Python后端开发工程师,福田区,50-150人,深圳晶泰科技有限公司,2018-11-09 16:53:12
15k-25k,深圳,Python开发工程师(J10047),福田区,500-2000人,深圳云天励飞技术有限公司,2018-11-14 09:25:05
15k-30k,深圳,python工程师,南山区,150-500人,深圳佑驾创新科技有限公司,2018-11-15 09:43:42
13k-25k,深圳,Python研发工程师,南山区,150-500人,深圳开黑科技有限公司,2018-11-13 15:57:55
15k-20k,深圳,Python开发工程师,南山区,150-500人,万兴科技股份有限公司,2018-11-13 09:18:34
